,0
0,AAAU
1,AAC
2,AAC.U
3,AACG
4,AAIC
5,AAL
6,AAMC
7,AAME
8,AAOI
9,AAQC
10,AAQC.U
11,AAU
12,ABCL
13,ABCM
14,ABEO
15,ABEV
16,ABIO
17,ABOS
18,ABR
19,ABST
20,ABUS
21,ACAH
22,ACAHU
23,ACB
24,ACCO
25,ACEL
26,ACER
27,ACET
28,ACEV
29,ACH
30,ACHL
31,ACHV
32,ACI
33,ACIC
34,ACII
35,ACII.U
36,ACIU
37,ACKIT
38,ACKIU
39,ACND
40,ACOR
41,ACP
42,ACQRU
43,ACR
44,ACRE
45,ACRS
46,ACRX
47,ACST
48,ACTD
49,ACTDU
50,ACTG
51,ACXP
52,ACY
53,ADAG
54,ADAP
55,ADER
56,ADES
57,ADEX
58,ADF.U
59,ADFI
60,ADIL
61,ADIV
62,ADMA
63,ADMP
64,ADMS
65,ADN
66,ADOC
67,ADOCR
68,ADRA
69,ADRA.U
70,ADT
71,ADTN
72,ADTX
73,ADV
74,ADVM
75,ADX
76,ADXN
77,ADXS
78,AEAC
79,AEACU
80,AEF
81,AEG
82,AEHL
83,AEI
84,AEMD
85,AENZ
86,AERI
87,AESE
88,AESR
89,AEVA
90,AEY
91,AEYE
92,AEZS
93,AFAQ
94,AFB
95,AFBI
96,AFI
97,AFIB
98,AFIF
99,AFIN
100,AFMD
101,AFT
102,AG
103,AGAC
104,AGAC.U
105,AGBAR
106,AGC
107,AGCB
108,AGCUU
109,AGD
110,AGE
111,AGEN
112,AGFS
113,AGFY
114,AGGR
115,AGGRU
116,AGI
117,AGLE
118,AGMH
119,AGNC
120,AGRO
121,AGRX
122,AGS
123,AGTC
124,AGTI
125,AHAC
126,AHH
127,AHPI
128,AHT
129,AIF
130,AIH
131,AIHS
132,AIKI
133,AIM
134,AINV
135,AIRG
136,AIRI
137,AIV
138,AJAX
139,AJAX.U
140,AJX
141,AKBA
142,AKIC
143,AKO.A
144,AKO.B
145,AKTS
146,AKTX
147,AKU
148,AKUS
149,AKYA
150,ALAC
151,ALACR
152,ALDX
153,ALEX
154,ALF
155,ALGS
156,ALIM
157,ALIT
158,ALJJ
159,ALLT
160,ALNA
161,ALOT
162,ALPN
163,ALRN
164,ALSK
165,ALT
166,ALTG
167,ALTO
168,ALTU
169,ALTY
170,ALUS
171,ALUS.U
172,ALVR
173,ALYA
174,ALZN
175,AM
176,AMAL
177,AMAM
178,AMAO
179,AMBC
180,AMBO
181,AMCR
182,AMHC
183,AMJ
184,AMOV
185,AMPE
186,AMPG
187,AMPH
188,AMPI
189,AMPI.U
190,AMPY
191,AMRB
192,AMRN
193,AMRS
194,AMRX
195,AMS
196,AMSC
197,AMST
198,AMTBB
199,AMTX
200,AMUB
201,AMWL
202,AMX
203,AMYT
204,ANAC
205,ANAC.U
206,ANDA
207,ANDAR
208,ANEB
209,ANGI
210,ANGN
211,ANIX
212,ANPC
213,ANTE
214,ANY
215,ANZU
216,AOD
217,AOMR
218,AONE
219,AONE.U
220,AP
221,APA
222,APDN
223,APGB
224,APM
225,APOP
226,APRE
227,APRN
228,APSG
229,APSG.U
230,APT
231,APTO
232,APTS
233,APTX
234,APVO
235,APWC
236,APYX
237,AQB
238,AQMS
239,AQN
240,AQWA
241,AR
242,ARAV
243,ARAY
244,ARC
245,ARCC
246,ARCO
247,ARDS
248,ARDX
249,AREC
250,ARI
251,ARKO
252,ARL
253,ARLO
254,ARLP
255,AROC
256,ARPO
257,ARR
258,ARRW
259,ARRWU
260,ARRY
261,ARTAU
262,ARTW
263,ARVL
264,ARYD
265,ASAI
266,ASAQ
267,ASAX
268,ASB
269,ASG
270,ASLE
271,ASLN
272,ASM
273,ASMB
274,ASPC
275,ASPCU
276,ASPL
277,ASPU
278,ASRT
279,ASTC
280,ASTR
281,ASTS
282,ASX
283,ASXC
284,ASZ
285,ASZ.U
286,ATA
287,ATAQ
288,ATAX
289,ATCO
290,ATCX
291,ATEC
292,ATEN
293,ATER
294,ATHA
295,ATHE
296,ATHN
297,ATHN.U
298,ATHX
299,ATIF
300,ATIP
301,ATMP
302,ATMR
303,ATMR.U
304,ATNF
305,ATNM
306,ATNX
307,ATOM
308,ATOS
309,ATRA
310,ATRO
311,ATRS
312,ATVC
313,ATXI
314,ATY
315,AU
316,AUD
317,AUMN
318,AUPH
319,AURC
320,AURCU
321,AUS
322,AUS.U
323,AUTL
324,AUTO
325,AUUD
326,AUVI
327,AUY
328,AVAH
329,AVAL
330,AVAN
331,AVCO
332,AVCT
333,AVD
334,AVDL
335,AVEO
336,AVGR
337,AVK
338,AVO
339,AVPT
340,AVRO
341,AVTE
342,AWF
343,AWH
344,AWP
345,AWRE
346,AWX
347,AWYX
348,AXAS
349,AXDX
350,AXL
351,AXLA
352,AXR
353,AXTI
354,AXU
355,AYLA
356,AYRO
357,AYTU
358,AZRX
359,AZYO
360,BANC
361,BAOS
362,BAR
363,BARK
364,BATL
365,BATT
366,BB
367,BBAR
368,BBCP
369,BBD
370,BBDC
371,BBDO
372,BBGI
373,APEN
374,BBI
375,BBIG
376,BBQ
377,BBVA
378,BBW
379,BCAC
380,BCACU
381,BCBP
382,BCDA
383,BCEL
384,BCH
385,BCLI
386,BCML
387,BCOR
388,BCOV
389,BCOW
390,BCRX
391,BCS
392,BCSF
393,BCTG
394,BCTX
395,BCX
396,BCYP
397,BDCZ
398,BDJ
399,BDN
400,BDR
401,BDSI
402,BDSX
403,BDTX
404,BEDU
405,BELFA
406,BELFB
407,BENE
408,BENER
409,BEST
410,BFI
411,BFIN
412,BFK
413,BFLY
414,BFRA
415,BFZ
416,BGB
417,BGCP
418,BGH
419,BGI
420,BGIO
421,BGLD
422,BGR
423,BGSF
424,BGSX.U
425,BGT
426,BGX
427,BGY
428,BHAT
429,BHG
430,BHK
431,BHR
432,BHSE
433,BHTG
434,BIF
435,BIGZ
436,BIMI
437,BIOC
438,BIOL
439,BIOT
440,BIOTU
441,BIOX
442,BIS
443,BIT
444,BITE
445,BITE.U
446,BITF
447,BIVI
448,BIZD
449,BKCC
450,BKD
451,BKEP
452,BKEPP
453,BKN
454,BKT
455,BKTI
456,BKYI
457,BLCM
458,BLCT
459,BLDE
460,BLDP
461,BLE
462,BLIN
463,BLPH
464,BLRX
465,BLSA
466,BLTS
467,BLU
468,BLUA
469,BLUA.U
470,BLUW
471,BLW
472,BLX
473,BMA
474,BMEA
475,BMRA
476,BMTX
477,BNED
478,BNFT
479,BNGO
480,BNKD
481,BNO
482,BNSO
483,BNTC
484,BNY
485,BOAC
486,BOAC.U
487,BOAS
488,BOAS.U
489,BOCH
490,BODY
491,BOE
492,BOLT
493,BON
494,BORR
495,BOSC
496,BOTJ
497,BOWX
498,BOWXU
499,BPMP
500,BPT
501,BPTH
502,BREZ
503,BRFS
504,BRIV
505,BRIVU
506,BRKL
507,BRLI
508,BRLIR
509,BRMK
510,BRN
511,BRPM
512,BRPMU
513,BRQS
514,BRSP
515,BRT
516,BRW
517,BSBK
518,BSBR
519,BSGM
520,BSKY
521,BSKYU
522,BSL
523,BSM
524,BSMX
525,BSN
526,BSN.U
527,BSQR
528,BSVN
529,BTA
530,BTAL
531,BTAQ
532,BTAQU
533,BTB
534,BTBT
535,BTCM
536,BTG
537,BTN
538,BTNB
539,BTRS
540,BTTR
541,BTU
542,BTWN
543,BTWNU
544,BTX
545,BTZ
546,BUFD
547,BUR
548,BV
549,BVH
550,BVN
551,BVS
552,BVXV
553,BW
554,BWAC
555,BWAY
556,BWB
557,BWEN
558,BWG
559,BWL.A
560,BWMN
561,BXMX
562,BXRX
563,BYFC
564,BYM
565,BYSI
566,BYTS
567,BYTSU
568,BZH
569,BZQ
570,CAAP
571,CAAS
572,CABA
573,CADE
574,CAHC
575,CAN
576,CANE
577,CANG
578,CANO
579,CAP.U
580,CAPL
581,CAPR
582,CATB
583,CATO
584,CBAH.U
585,CBAN
586,CBAY
587,CBH
588,CBIO
589,CCAP
590,CCJ
591,CCLP
592,CCNC
593,CCO
594,CCRN
595,CCU
596,CCV
597,CCVI
598,CCVI.U
599,CCXI
600,CDAK
601,CDEV
602,CDOR
603,CDR
604,CDTX
605,CDXC
606,CDZI
607,CECE
608,CEF
609,CEIX
610,CELP
611,CENHU
612,CERC
613,CETX
614,CEW
615,CFFN
616,CFRX
617,CFV
618,CFVI
619,CFVIU
620,CGA
621,CHCI
622,CHMI
623,CHW
624,CHY
625,CIA
626,CIDM
627,CIF
628,CIG
629,CIG.C
630,CIH
631,CII
632,CIK
633,CIM
634,CIZN
635,CKPT
636,CKX
637,CLAA
638,CLAS.U
639,CLBR.U
640,CLDR
641,CLDT
642,CLIM.U
643,CLLS
644,CLOV
645,CLRM
646,CLRMU
647,CLRO
648,CLS
649,CLSD
650,CLSK
651,CLSN
652,CLVR
653,CLVS
654,CLWT
655,CLXT
656,CMII
657,CMLFU
658,CMPI
659,CMRE
660,CMU
661,CNCE
662,CNDT
663,CNHI
664,CNK
665,CNR
666,CNSL
667,CNSP
668,CNTA
669,CNTG
670,CNTY
671,CNVY
672,CNX
673,CO
674,COCP
675,CODA
676,CODX
677,COE
678,COG
679,COGT
680,COHN
681,COLI
682,COLIU
683,COMP
684,COOL
685,CORS.U
686,COTY
687,COVA
688,COVAU
689,CPAC
690,CPARU
691,CPG
692,CPHI
693,CPRX
694,CPSH
695,CPSR
696,CPSR.U
697,CPSS
698,CPUH
699,CPUH.U
700,CPZ
701,CRBP
702,CRD.A
703,CRD.B
704,CRDF
705,CREG
706,CRESY
707,CREX
708,CRF
709,CRHC
710,CRHC.U
711,CRIS
712,CRK
713,CRKN
714,CRMD
715,CRNX
716,CRZN
717,CSCW
718,CSTE
719,CSTM
720,CSTR
721,CTAQ
722,CTLP
723,CTMX
724,CTT
725,CTXR
726,CUE
727,CUEN
728,CULP
729,CVA
730,CVCY
731,CVM
732,CVRX
733,CVV
734,CWBR
735,CXDO
736,CYCN
737,DALN
738,DALT
739,DARE
740,DBGI
741,DBO
742,DBTX
743,DCRCU
744,DDF
745,DDMX
746,DDMXU
747,DEH.U
748,DESP
749,DEX
750,DFFN
751,DGNR.U
752,DGZ
753,DHBCU
754,DHCA
755,DHCAU
756,DHT
757,DHX
758,DIDI
759,DILAU
760,DISAU
761,DIV
762,DJCB
763,DK
764,DLCA
765,DLHC
766,DLNG
767,DLPN
768,DLTH
769,DLY
770,DM
771,DMAC
772,DMB
773,DMF
774,DMLP
775,DMS
776,DMYI
777,DMYI.U
778,DMYQ.U
779,DNAA
780,DNAB
781,DNAC
782,DNAD
783,DNAY
784,DNN
785,DNOW
786,DNUT
787,DOC
788,DOGZ
789,DPG
790,DRAYU
791,DRD
792,DRH
793,DRIP
794,DRRX
795,DRTT
796,DRV
797,DS
798,DSAC
799,DSEY
800,DSGN
801,DSKE
802,DSL
803,DSPG
804,DSS
805,DSSI
806,DSWL
807,DSX
808,DTEA
809,DTIL
810,DTOC
811,DUG
812,DUNEU
813,DUST
814,DVD
815,DWSN
816,DXD
817,DXF
818,DXR
819,DXYN
820,DYAI
821,DYFN
822,DYNS
823,DYNT
824,DZSI
825,EAC
826,EACPU
827,EAF
828,EAST
829,EB
830,EBC
831,EBF
832,EBON
833,EBR
834,EBR.B
835,EBSB
836,EC
837,ECC
838,ECF
839,ECOR
840,EDAP
841,EDF
842,EDSA
843,EDTK
844,EDU
845,EDUC
846,EDUT
847,EDZ
848,EEIQ
849,EEMO
850,EEV
851,EFAS
852,EFC
853,EFOI
854,EFR
855,EFT
856,EGF
857,EGO
858,EIC
859,EIDO
860,EKSO
861,ELA
862,ELDN
863,ELOX
864,ELVT
865,ELYS
866,EMAN
867,EMFM
868,EMKR
869,EMPW
870,EMPW.U
871,EMTY
872,EMX
873,ENBL
874,ENDP
875,ENFA
876,ENFR
877,ENG
878,ENIA
879,ENIC
880,ENLC
881,ENNV
882,ENPC
883,ENPC.U
884,ENSV
885,ENTX
886,ENVI
887,ENVIU
888,ENX
889,EOD
890,EOI
891,EOLS
892,EPHYU
893,EPM
894,EPSN
895,EPV
896,EPWR
897,EPWR.U
898,EPZM
899,EQ
900,EQD
901,EQHA
902,EQNR
903,EQOS
904,EQS
905,EQT
906,EQX
907,ERC
908,ERES
909,ERF
910,ERH
911,ERIC
912,ERJ
913,ERO
914,ERY
915,ERYP
916,ESBK
917,ESGC
918,ESM
919,ESP
920,ESPR
921,ESRT
922,ESSA
923,ESSC
924,ESSCR
925,ESSCU
926,ESTE
927,ESXB
928,ET
929,ETACU
930,ETB
931,ETON
932,ETRN
933,ETTX
934,ETV
935,ETW
936,EUCR
937,EUFN
938,EUM
939,EURN
940,EUSG
941,EUSGU
942,EVAX
943,EVC
944,EVCM
945,EVF
946,EVFM
947,EVG
948,EVGN
949,EVK
950,EVLO
951,EVN
952,EVOJ
953,EVOJU
954,EVOK
955,EVOL
956,EVV
957,EWV
958,EWZS
959,EXFO
960,EXG
961,EXK
962,EXN
963,EXPR
964,EXTN
965,EXTR
966,EYEG
967,EYEN
968,EYES
969,EYPT
970,EZGO
971,EZPW
972,F
973,FA
974,FACA
975,FACA.U
976,FACT
977,FACT.U
978,FAM
979,FAMI
980,FANH
981,FARM
982,FAX
983,FBIO
984,FBP
985,FBZ
986,FCAX
987,FCCO
988,FCCY
989,FCF
990,FCT
991,FDD
992,FEDU
993,FEI
994,FEMY
995,FEN
996,FENC
997,FENG
998,FENY
999,FFA
1000,FFBW
1001,FFHL
1002,FFIC
1003,FFNW
1004,FGB
1005,FGBI
1006,FGF
1007,FGNA
1008,FGNA.U
1009,FHN
1010,FHS
1011,FHTX
1012,FI
1013,FID
1014,FIDI
1015,FIF
1016,FILL
1017,FINM
1018,FINMU
1019,FINS
1020,FINV
1021,FIV
1022,FKWL
1023,FLAC
1024,FLACU
1025,FLEX
1026,FLGC
1027,FLIC
1028,FLL
1029,FLME
1030,FLME.U
1031,FLN
1032,FLNG
1033,FLNT
1034,FLR
1035,FLSP
1036,FLUX
1037,FLY
1038,FMAC
1039,FMAC.U
1040,FMIV
1041,FMN
1042,FMNB
1043,FMO
1044,FMY
1045,FNB
1046,FNCB
1047,FNCH
1048,FNGD
1049,FNGZ
1050,FNHC
1051,FNKO
1052,FNWB
1053,FOA
1054,FOF
1055,FOLD
1056,FONR
1057,FOR
1058,FORA
1059,FORD
1060,FORE
1061,FOREU
1062,FOSL
1063,FOXW
1064,FOXWU
1065,FPAC
1066,FPAC.U
1067,FPAY
1068,FPE
1069,FPEI
1070,FPH
1071,FPI
1072,FPL
1073,FRA
1074,FRBA
1075,FRBK
1076,FRD
1077,FREE
1078,FREQ
1079,FRGI
1080,FRLN
1081,FRO
1082,FRON
1083,FRONU
1084,FRST
1085,FRSX
1086,FRTY
1087,FRWAU
1088,FRXB.U
1089,FSD
1090,FSEA
1091,FSI
1092,FSII
1093,FSM
1094,FSMB
1095,FSNB
1096,FSP
1097,FSR
1098,FSRX
1099,FSRXU
1100,FSSI
1101,FSSIU
1102,FSST
1103,FST
1104,FSTR
1105,FSTX
1106,FT
1107,FTAAU
1108,FTCI
1109,FTCV
1110,FTCVU
1111,FTEK
1112,FTEV
1113,FTEV.U
1114,FTF
1115,FTFT
1116,FTHY
1117,FTI
1118,FTK
1119,FTPA
1120,FTRI
1121,FTVIU
1122,FTXN
1123,FULC
1124,FULT
1125,FUMB
1126,FUNC
1127,FUND
1128,FURY
1129,FUSB
1130,FUSE
1131,FUSN
1132,FUV
1133,FVAM
1134,FVCB
1135,FVE
1136,FVIV
1137,FVT
1138,FVT.U
1139,FWAA
1140,FWP
1141,FXN
1142,FXNC
1143,FZT
1144,FZT.U
1145,GAB
1146,GACQU
1147,GAIA
1148,GALT
1149,GAMC
1150,GAMCU
1151,GAN
1152,GANX
1153,GAPA.U
1154,GASS
1155,GATO
1156,GAU
1157,GB
1158,GBDC
1159,GBNY
1160,GBR
1161,GBRG
1162,GBRGU
1163,GBS
1164,GCAC
1165,GCACU
1166,GCMG
1167,GCV
1168,GDL
1169,GDO
1170,GDP
1171,GDXD
1172,GDXU
1173,GDYN
1174,GE
1175,GECC
1176,GEG
1177,GEL
1178,GENC
1179,GENE
1180,GENI
1181,GEO
1182,GEOS
1183,GER
1184,GERN
1185,GEVO
1186,GF
1187,GFI
1188,GFX
1189,GFX.U
1190,GGAL
1191,GGMC
1192,GGN
1193,GGPIU
1194,GGT
1195,GGZ
1196,GHL
1197,GHLD
1198,GHM
1199,GHVIU
1200,GHY
1201,GIFI
1202,GIG
1203,GIGGU
1204,GIGM
1205,GIIX
1206,GIIXU
1207,GILT
1208,GIM
1209,GIWWU
1210,GJH
1211,GLAD
1212,GLAQ
1213,GLAQU
1214,GLBL
1215,GLBS
1216,GLBZ
1217,GLDD
1218,GLDG
1219,GLDI
1220,GLDM
1221,GLEO
1222,GLG
1223,GLHA
1224,GLHAU
1225,GLMD
1226,GLNG
1227,GLO
1228,GLOP
1229,GLQ
1230,GLRE
1231,GLSPT
1232,GLSPU
1233,GLT
1234,GLTO
1235,GLUE
1236,GLV
1237,GLYC
1238,GMBL
1239,GMBT
1240,GMBTU
1241,GMDA
1242,GMII
1243,GMIIU
1244,GMRE
1245,GMTX
1246,GMVD
1247,GNAC
1248,GNACU
1249,GNCA
1250,GNFT
1251,GNK
1252,GNLN
1253,GNOG
1254,GNPK
1255,GNSS
1256,GNUS
1257,GNW
1258,GOAC.U
1259,GOAU
1260,GOBI
1261,GOCO
1262,GOED
1263,GOGL
1264,GOGO
1265,GOL
1266,GORO
1267,GOSS
1268,GOVX
1269,GP
1270,GPAC
1271,GPACU
1272,GPK
1273,GPL
1274,GPM
1275,GPP
1276,GPRK
1277,GPRO
1278,GPX
1279,GRAY
1280,GRCL
1281,GRCY
1282,GRCYU
1283,GRF
1284,GRFS
1285,GRIL
1286,GRIN
1287,GRNQ
1288,GRNV
1289,GRNVU
1290,GROM
1291,GROY
1292,GRSV
1293,GRSVU
1294,GRTS
1295,GRTX
1296,GRUB
1297,GRVI
1298,GRX
1299,GSAH
1300,GSAQ
1301,GSAQU
1302,GSAT
1303,GSBD
1304,GSEV
1305,GSEVU
1306,GSG
1307,GSIT
1308,GSKY
1309,GSL
1310,GSM
1311,GSP
1312,GSQB.U
1313,GSQD
1314,GSS
1315,GSV
1316,GT
1317,GTBP
1318,GTE
1319,GTES
1320,GTH
1321,GTHX
1322,GTIM
1323,GTPAU
1324,GTPB
1325,GTPBU
1326,GTX
1327,GTYH
1328,GURE
1329,GUT
1330,GVP
1331,GWAC
1332,GWGH
1333,GWRS
1334,GXGX
1335,GXGXU
1336,GXII
1337,GXIIU
1338,GYLD
1339,GYRO
1340,HAACU
1341,HAFC
1342,HALL
1343,HAPP
1344,HARP
1345,HBAN
1346,HBI
1347,HBM
1348,HBMD
1349,HBNC
1350,HBP
1351,HBT
1352,HCAQ
1353,HCAR
1354,HCARU
1355,HCC
1356,HCCC
1357,HCCCU
1358,HCDI
1359,HCHC
1360,HCIC
1361,HCICU
1362,HCII
1363,HCKT
1364,HCNEU
1365,HDLB
1366,HDSN
1367,HEGD
1368,HEPA
1369,HEPS
1370,HEQ
1371,HERA
1372,HERAU
1373,HEWW
1374,HFBL
1375,HFFG
1376,HFRO
1377,HGBL
1378,HGLB
1379,HGSH
1380,HHLA
1381,HHLA.U
1382,HIBS
1383,HIE
1384,HIGA
1385,HIGA.U
1386,HIHO
1387,HIII
1388,HIL
1389,HIMX
1390,HIO
1391,HIPS
1392,HITI
1393,HIX
1394,HJLI
1395,HKIB
1396,HLAH
1397,HLIT
1398,HLX
1399,HLXA
1400,HMCO
1401,HMG
1402,HMHC
1403,HMLP
1404,HMPT
1405,HMTV
1406,HMY
1407,HNNA
1408,HNST
1409,HNW
1410,HOFV
1411,HOLI
1412,HONE
1413,HOOK
1414,HOPE
1415,HOTH
1416,HOVNP
1417,HPE
1418,HPK
1419,HPS
1420,HQI
1421,HRTX
1422,HRZN
1423,HSAQ
1424,HSC
1425,HSDT
1426,HSON
1427,HST
1428,HSTO
1429,HT
1430,HTBK
1431,HTBX
1432,HTGM
1433,HUDI
1434,HUGS
1435,HYB
1436,HYI
1437,HYLN
1438,HYMC
1439,HYRE
1440,HYT
1441,HYW
1442,HZAC
1443,HZN
1444,HZON
1445,IACB
1446,IACB.U
1447,IACC
1448,IAE
1449,IAF
1450,IAG
1451,IAS
1452,IBCP
1453,IBIO
1454,IBN
1455,IBRX
1456,ICAD
1457,ICCC
1458,ICD
1459,ICL
1460,ICLK
1461,ICMB
1462,ICOL
1463,ICON
1464,ICPT
1465,ID
1466,IDE
1467,IDEX
1468,IDIV
1469,IDN
1470,IDRA
1471,IDX
1472,IDYA
1473,IEA
1474,IEC
1475,IEZ
1476,IFBD
1477,IFMK
1478,IFRX
1479,IGA
1480,IGAC
1481,IGACU
1482,IGC
1483,IGD
1484,IGIC
1485,IGLD
1486,IGR
1487,IH
1488,IHD
1489,IHIT
1490,IHT
1491,IHTA
1492,IIAC
1493,III
1494,IIIIU
1495,IIM
1496,IIN
1497,IKNA
1498,IKNX
1499,IKT
1500,IMAC
1501,IMAX
1502,IMBI
1503,IMCC
1504,IMGN
1505,IMH
1506,IMLP
1507,IMMP
1508,IMMR
1509,IMNM
1510,IMPL
1511,IMPX
1512,IMRA
1513,IMTE
1514,IMTX
1515,IMUX
1516,IMV
1517,IMVT
1518,IMXI
1519,INDI
1520,INDO
1521,INFI
1522,INFN
1523,INFU
1524,ING
1525,INM
1526,INMB
1527,INN
1528,INNV
1529,INO
1530,INOD
1531,INPX
1532,INSE
1533,INSG
1534,INSW
1535,INTT
1536,INVA
1537,INVE
1538,INZY
1539,IO
1540,IPA
1541,IPFF
1542,IPHA
1543,IPOF.U
1544,IPVA.U
1545,IPWR
1546,IRCP
1547,IRT
1548,ISBC
1549,ISD
1550,ISEE
1551,ISLE
1552,ISNS
1553,ISOS
1554,ISR
1555,ISSC
1556,ISUN
1557,ITP
1558,ITQ
1559,ITQRU
1560,ITRG
1561,ITRM
1562,ITUB
1563,IVA
1564,IVAC
1565,IVAN
1566,IVAN.U
1567,IVC
1568,IVDG
1569,IVH
1570,IVR
1571,IVRA
1572,IVSG
1573,IZEA
1574,JAGX
1575,JAKK
1576,JAN
1577,JAX
1578,JBI
1579,JBLU
1580,JCE
1581,JCICU
1582,JCO
1583,JCTCF
1584,JDD
1585,JDST
1586,JEMD
1587,JEQ
1588,JFIN
1589,JFR
1590,JFU
1591,JG
1592,JGH
1593,JHAA
1594,JHB
1595,JHI
1596,JHME
1597,JHS
1598,JILL
1599,JJA
1600,JMP
1601,JOB
1602,JOFFU
1603,JPS
1604,JRI
1605,JRS
1606,JWSM
1607,KAHC.U
1608,KAIR
1609,KAIRU
1610,KALA
1611,KAR
1612,KBNT
1613,KBSF
1614,KBWD
1615,KCAC
1616,KCAC.U
1617,KDMN
1618,KDNY
1619,KE
1620,KEP
1621,KEQU
1622,KERN
1623,KEY
1624,KFFB
1625,KFS
1626,KGC
1627,KIIIU
1628,KIM
1629,KIN
1630,KINS
1631,KINZ
1632,KIO
1633,KIQ
1634,KLDO
1635,KLXE
1636,KMDA
1637,KMF
1638,KMI
1639,KMPH
1640,KN
1641,KNDI
1642,KNOP
1643,KNSA
1644,KODK
1645,KOSS
1646,KPLT
1647,KRBP
1648,KRNL
1649,KRNY
1650,KRT
1651,KSICU
1652,KSMT
1653,KT
1654,KUKE
1655,KURA
1656,KURI
1657,KURIU
1658,KVSB
1659,KW
1660,KWAC.U
1661,KYN
1662,KZR
1663,LABP
1664,LAC
1665,LADR
1666,LAIX
1667,LATN
1668,LAUR
1669,LAZY
1670,LBAI
1671,LBPH
1672,LBPS
1673,LC
1674,LCAA
1675,LCAHU
1676,LCNB
1677,LCTX
1678,LCUT
1679,LDHA
1680,LDI
1681,LDSF
1682,LEDS
1683,LEGA
1684,LEGH
1685,LEGO
1686,LEJU
1687,LEV
1688,LEXX
1689,LFMD
1690,LFT
1691,LFVN
1692,LGAC
1693,LGACU
1694,LGHL
1695,LGI
1696,LGL
1697,LGO
1698,LGV
1699,LGV.U
1700,LGVN
1701,LHAA
1702,LHC
1703,LHDX
1704,LIFE
1705,LIII
1706,LIII.U
1707,LILA
1708,LILAK
1709,LINC
1710,LIND
1711,LINK
1712,LIQT
1713,LITB
1714,LITTU
1715,LIVK
1716,LIXT
1717,LKCO
1718,LMNL
1719,LODE
1720,LOKM.U
1721,LOTZ
1722,LOV
1723,LPCN
1724,LPG
1725,LPL
1726,LPTH
1727,LPTX
1728,LQDA
1729,LRMR
1730,LSAQ
1731,LSBK
1732,LSEA
1733,LTBR
1734,LTCH
1735,LTHM
1736,LTRN
1737,LTRPA
1738,LTRX
1739,LU
1740,LUB
1741,LUMN
1742,LUMO
1743,LUNA
1744,LUXA
1745,LUXAU
1746,LVOX
1747,LVRA
1748,LVTX
1749,LWAC
1750,LWACU
1751,LWAY
1752,LX
1753,LXEH
1754,LXP
1755,LXRX
1756,LXU
1757,LYEL
1758,LYG
1759,LYL
1760,M
1761,MAAC
1762,MAACU
1763,MAC
1764,MACA
1765,APGB.U
1766,APLE
1767,APPH
1768,AQST
1769,ARDC
1770,ARKR
1771,ARKX
1772,ARMP
1773,ARTL
1774,ASC
1775,ASEA
1776,MACAU
1777,MACC
1778,MACC.U
1779,MACK
1780,MACQ
1781,MACU
1782,MACUU
1783,MAGS
1784,MANU
1785,MAPS
1786,MAQC
1787,MARB
1788,MARK
1789,MARPS
1790,MAT
1791,MAV
1792,MAXN
1793,MBAC
1794,MBAC.U
1795,MBI
1796,MBII
1797,MBIO
1798,MBOT
1799,MBRX
1800,MBT
1801,MBTC
1802,MBTCR
1803,MBTCU
1804,MCA
1805,MCAD
1806,MCADR
1807,MCAER
1808,MCAFU
1809,MCBC
1810,MCBS
1811,MCF
1812,MCHX
1813,MCI
1814,MCMJ
1815,MCN
1816,MCR
1817,MCRB
1818,MCS
1819,MDCA
1820,MDGS
1821,MDIA
1822,MDIV
1823,MDJH
1824,MDNA
1825,MDRR
1826,MDRX
1827,MDVL
1828,MDWD
1829,MDXG
1830,ME
1831,MEC
1832,MEDS
1833,MEIP
1834,MERC
1835,MESA
1836,MESO
1837,META
1838,METC
1839,METX
1840,MF
1841,MFA
1842,MFC
1843,MFD
1844,MFG
1845,MFGP
1846,MFH
1847,MFIN
1848,MFL
1849,MFM
1850,MFNC
1851,MFV
1852,MG
1853,MGF
1854,MGI
1855,MGIC
1856,MGTA
1857,MGTX
1858,MGY
1859,MGYR
1860,MHD
1861,MHF
1862,MHH
1863,MHI
1864,MHLD
1865,MHN
1866,MICT
1867,MIE
1868,MILE
1869,MIN
1870,MIND
1871,MINM
1872,MIRM
1873,MIRO
1874,MIST
1875,MIT
1876,MIT.U
1877,MITAU
1878,MITC
1879,MITK
1880,MITO
1881,MITT
1882,MIXT
1883,MIY
1884,MJ
1885,MJUS
1886,MKD
1887,MKGI
1888,MKTY
1889,MLAC
1890,MLCO
1891,MLP
1892,MLPB
1893,MLPO
1894,MLSS
1895,MMAT
1896,MMLP
1897,MMT
1898,MMU
1899,MMX
1900,MN
1901,MNDO
1902,MNKD
1903,MNMD
1904,MNOV
1905,MNP
1906,MNPR
1907,MNR
1908,MNRL
1909,MNSO
1910,MNTK
1911,MNTX
1912,MOD
1913,MOGO
1914,MOGU
1915,MOHO
1916,MOLN
1917,MOMO
1918,MON
1919,MOR
1920,MORT
1921,MOSY
1922,MOTN
1923,MOTNU
1924,MOTS
1925,MOTV
1926,MOTV.U
1927,MOVE
1928,MPA
1929,MPAC
1930,MPACU
1931,MPLN
1932,MPV
1933,MPW
1934,MPX
1935,MQT
1936,MQY
1937,MRAC
1938,MRACU
1939,MRAM
1940,MRC
1941,MRCC
1942,MREO
1943,MRIN
1944,MRKR
1945,MRM
1946,MRNS
1947,MRO
1948,MRSN
1949,MRTN
1950,MRUS
1951,MSAC
1952,MSC
1953,MSD
1954,MSDAU
1955,MSGM
1956,MSGN
1957,MSN
1958,MSVB
1959,MTA
1960,MTAC
1961,MTACU
1962,MTBC
1963,MTC
1964,MTCR
1965,MTEM
1966,MTG
1967,MTL
1968,MTNB
1969,MTP
1970,MTR
1971,MTRX
1972,MTSL
1973,MUA
1974,MUC
1975,MUDS
1976,MUDSU
1977,MUE
1978,MUFG
1979,MUI
1980,MUJ
1981,MUX
1982,MVF
1983,MVIS
1984,MVO
1985,MVP
1986,MVT
1987,MWA
1988,MXC
1989,MXE
1990,MXF
1991,MYC
1992,MYD
1993,MYI
1994,MYJ
1995,MYMD
1996,MYN
1997,MYO
1998,MYPS
1999,MYSZ
2000,NAAC
2001,NAC
2002,NAD
2003,NAII
2004,NAK
2005,NAKD
2006,NAN
2007,NAOV
2008,NAT
2009,NATR
2010,NAUT
2011,NAVB
2012,NAVI
2013,NAZ
2014,NBA
2015,NBEV
2016,NBH
2017,NBO
2018,NBRV
2019,NBSE
2020,NBST
2021,NBSTU
2022,NBTX
2023,NBW
2024,NBXG
2025,NBY
2026,NCA
2027,NCMI
2028,NCNA
2029,NCTY
2030,NCV
2031,NCZ
2032,NDAC
2033,NDACU
2034,NDLS
2035,NDMO
2036,NDP
2037,NDRA
2038,NEA
2039,NEBC
2040,NEBCU
2041,NEON
2042,NEPH
2043,NEPT
2044,NERV
2045,NES
2046,NESR
2047,NETE
2048,NETI
2049,NEV
2050,NEW
2051,NEWA
2052,NEWP
2053,NEX
2054,NEXA
2055,NEXI
2056,NEXT
2057,NFBK
2058,NFH
2059,NFJ
2060,NG
2061,NGAB
2062,NGAB.U
2063,NGAC
2064,NGACU
2065,NGC
2066,NGCA
2067,NGCAU
2068,NGD
2069,NGE
2070,NGL
2071,NGS
2072,NGVC
2073,NH
2074,NHF
2075,NHIC
2076,NHICU
2077,NHS
2078,NHTC
2079,NICK
2080,NID
2081,NIM
2082,NINE
2083,NIQ
2084,NISN
2085,NKG
2086,NKLA
2087,NKTR
2088,NKX
2089,NL
2090,NLITU
2091,NLS
2092,NLSP
2093,NLTX
2094,NLY
2095,NM
2096,NMCO
2097,NMFC
2098,NMG
2099,NMI
2100,NML
2101,NMMC
2102,NMR
2103,NMRD
2104,NMRK
2105,NMS
2106,NMT
2107,NMTC
2108,NMTR
2109,NMZ
2110,NNA
2111,NNBR
2112,NNDM
2113,NNVC
2114,NNY
2115,NOA
2116,NOAC
2117,NOACU
2118,NODK
2119,NOG
2120,NOK
2121,NORW
2122,NOV
2123,NOVN
2124,NPCT
2125,NPTN
2126,NPV
2127,NQP
2128,NR
2129,NRAC
2130,NRACU
2131,NRBO
2132,NREF
2133,NRGD
2134,NRGX
2135,NRK
2136,NRO
2137,NRP
2138,NRT
2139,NRXP
2140,NRZ
2141,NS
2142,NSEC
2143,NSH
2144,NSH.U
2145,NSL
2146,NSPR
2147,NSTB
2148,NSTB.U
2149,NSTC
2150,NSTC.U
2151,NSTD
2152,NSTD.U
2153,NSYS
2154,NTEC
2155,NTIC
2156,NTIP
2157,NTP
2158,NTWK
2159,NTZ
2160,NUO
2161,NURO
2162,NUV
2163,NUVB
2164,NUW
2165,NUWE
2166,NUZE
2167,NVCN
2168,NVFY
2169,NVG
2170,NVGS
2171,NVIV
2172,NVOS
2173,NVSA
2174,NVSAU
2175,NVVE
2176,NWBI
2177,NWG
2178,NWHM
2179,NXC
2180,NXE
2181,NXGN
2182,NXJ
2183,NXN
2184,NXP
2185,NXQ
2186,NXR
2187,NXTC
2188,NXTD
2189,NXU
2190,NXU.U
2191,NYC
2192,NYCB
2193,NYMT
2194,NYMX
2195,NZF
2196,OACB
2197,OBAS
2198,OBCI
2199,OBLG
2200,OBSV
2201,OCA
2202,OCA.U
2203,OCAX
2204,OCC
2205,OCCI
2206,OCFC
2207,OCFT
2208,OCG
2209,OCGN
2210,OCSL
2211,OCUL
2212,OCUP
2213,OCX
2214,ODT
2215,OEC
2216,OEG
2217,OEPW
2218,OEPWU
2219,OESX
2220,OFS
2221,OG
2222,OGEN
2223,OGI
2224,OHPA
2225,OHPAU
2226,OI
2227,OIA
2228,OIBR.C
2229,OII
2230,OIIM
2231,OIL
2232,OIS
2233,OLB
2234,OMEG
2235,OMER
2236,OMEX
2237,ONB
2238,ONCR
2239,ONCS
2240,ONCT
2241,ONCY
2242,ONDS
2243,ONE
2244,ONTX
2245,ONVO
2246,OOMA
2247,OPA
2248,OPA.U
2249,OPBK
2250,OPEN
2251,OPGN
2252,OPHC
2253,OPK
2254,OPNT
2255,OPP
2256,OPRA
2257,OPRT
2258,OPT
2259,OPTN
2260,OPTT
2261,OR
2262,ORAN
2263,ORBC
2264,ORC
2265,ORCC
2266,ORGN
2267,ORGO
2268,ORGS
2269,ORIAU
2270,ORIC
2271,ORLA
2272,ORMP
2273,ORN
2274,ORPH
2275,ORTX
2276,OSAT
2277,OSBC
2278,OSCR
2279,OSG
2280,OSI
2281,OSI.U
2282,OSMT
2283,OSN
2284,OSS
2285,OSUR
2286,OSW
2287,OTECU
2288,OTIC
2289,OTLK
2290,OTRA
2291,OTRAU
2292,OUNZ
2293,OUST
2294,OVID
2295,OVLY
2296,OWL
2297,OXBR
2298,OXLC
2299,OXSQ
2300,OYST
2301,PAA
2302,PACE
2303,PACE.U
2304,PACX
2305,PACXU
2306,PAE
2307,PAGP
2308,PAI
2309,PAIC
2310,PALI
2311,PAM
2312,PANL
2313,PAQC
2314,PAQCU
2315,PARR
2316,PASG
2317,PATI
2318,PAVM
2319,PAX
2320,PAYA
2321,PAYO
2322,PAYS
2323,PBCT
2324,PBF
2325,PBFS
2326,PBFX
2327,PBHC
2328,PBI
2329,PBIP
2330,PBLA
2331,PBPB
2332,PBR
2333,PBR.A
2334,PBT
2335,PBTS
2336,PBYI
2337,PCB
2338,PCF
2339,PCG
2340,PCK
2341,PCM
2342,PCN
2343,PCOM
2344,PCQ
2345,PCSA
2346,PCSB
2347,PCT
2348,PCTI
2349,PCYG
2350,PCYO
2351,PDAC
2352,PDAC.U
2353,PDBC
2354,PDFS
2355,PDLB
2356,PDM
2357,PDOT
2358,PDOT.U
2359,PDSB
2360,PDT
2361,PED
2362,PEI
2363,PEO
2364,PERI
2365,PESI
2366,PETZ
2367,PEY
2368,PFBI
2369,PFD
2370,PFDR
2371,PFDRU
2372,PFFL
2373,PFHD
2374,PFIE
2375,PFIN
2376,PFL
2377,PFLT
2378,PFMT
2379,PFN
2380,PFO
2381,PFSW
2382,PGAL
2383,PGEN
2384,PGF
2385,PGP
2386,PGRE
2387,PGRW
2388,PGRWU
2389,PGX
2390,PGZ
2391,PHAR
2392,PHAS
2393,PHB
2394,PHCF
2395,PHD
2396,PHGE
2397,PHIC
2398,PHIO
2399,PHK
2400,PHT
2401,PHUN
2402,PHVS
2403,PHX
2404,PHYS
2405,PIAI
2406,PICC
2407,PID
2408,PIM
2409,PINE
2410,PIPP
2411,PIPP.U
2412,PIRS
2413,PIXY
2414,PK
2415,PKBK
2416,PKE
2417,PLAB
2418,PLAG
2419,PLG
2420,PLIN
2421,PLM
2422,PLMI
2423,PLMIU
2424,PLSE
2425,PLTM
2426,PLX
2427,PLXP
2428,PLYA
2429,PLYM
2430,PMBC
2431,PMD
2432,PME
2433,PMF
2434,PMGM
2435,PML
2436,PMM
2437,PMO
2438,PMT
2439,PMVC
2440,PMX
2441,PNBK
2442,PNF
2443,PNI
2444,PNNT
2445,PNT
2446,PNTM.U
2447,POAI
2448,POLA
2449,POND.U
2450,POTX
2451,POW
2452,POWW
2453,PPBT
2454,PPGH
2455,PPGHU
2456,PPIH
2457,PPSI
2458,PPT
2459,PPTA
2460,PQG
2461,PRAX
2462,PRCH
2463,PRDO
2464,PREF
2465,PRFX
2466,PRMW
2467,PROF
2468,PROG
2469,PROS
2470,PROV
2471,PRPB
2472,PRPC
2473,PRPC.U
2474,PRPH
2475,PRPO
2476,PRQR
2477,PRSR
2478,PRSRU
2479,PRT
2480,PRTG
2481,PRTH
2482,PRTK
2483,PRTS
2484,PRTY
2485,PRVB
2486,PSAC
2487,PSAG
2488,PSAGU
2489,PSCE
2490,PSCJ
2491,PSEC
2492,PSFE
2493,PSFJ
2494,PSHG
2495,PSLV
2496,PSMB
2497,PSMC
2498,PSMG
2499,PSMJ
2500,PSMM
2501,PSO
2502,PSP
2503,PSPC.U
2504,PSQ
2505,PST
2506,PSTG
2507,PSTI
2508,PSTL
2509,PSTV
2510,PSTX
2511,PT
2512,PTE
2513,PTEN
2514,PTIX
2515,PTK
2516,PTMN
2517,PTN
2518,PTNR
2519,PTOC
2520,PTOCU
2521,PTPI
2522,PTRA
2523,PTRS
2524,PTVE
2525,PTY
2526,PUCK
2527,PUCKU
2528,PULM
2529,PUMP
2530,PUYI
2531,PV
2532,PV.U
2533,PVBC
2534,PVG
2535,PVL
2536,PWFL
2537,PWP
2538,PXE
2539,PXJ
2540,PXLW
2541,PXS
2542,PYN
2543,PYPD
2544,PYR
2545,PZC
2546,PZG
2547,PZN
2548,QAT
2549,QD
2550,QELL
2551,QELLU
2552,QFTA
2553,QFTA.U
2554,QH
2555,QID
2556,QIPT
2557,QIWI
2558,QJUN
2559,QK
2560,QLGN
2561,QLI
2562,QMCO
2563,QNST
2564,QRHC
2565,QRTEA
2566,QSI
2567,QTNT
2568,QTT
2569,QUAD
2570,QUIK
2571,QUMU
2572,QUOT
2573,RAAC
2574,RAACU
2575,RAAS
2576,RAD
2577,RADA
2578,RADI
2579,RAIL
2580,RAIN
2581,RAMMU
2582,RAND
2583,RAVE
2584,RBAC
2585,RBAC.U
2586,RBBN
2587,RBCN
2588,RC
2589,RCAT
2590,RCEL
2591,RCG
2592,RCHG
2593,RCHGU
2594,RCLFU
2595,RCMT
2596,RCON
2597,RCRT
2598,RCS
2599,RDCM
2600,RDHL
2601,RDI
2602,RDUS
2603,REAL
2604,REAX
2605,REDU
2606,REED
2607,REFR
2608,REI
2609,REK
2610,REKR
2611,RELI
2612,RELL
2613,REML
2614,RENN
2615,REPH
2616,RERE
2617,RES
2618,RESN
2619,RETO
2620,REV
2621,REVG
2622,REVH
2623,REVHU
2624,REVS
2625,REW
2626,RF
2627,RFI
2628,RFIL
2629,RFMZ
2630,RFP
2631,RGLS
2632,RGP
2633,RGS
2634,RGT
2635,RHE
2636,RIBT
2637,RICE
2638,RIDE
2639,RIG
2640,RIGL
2641,RIV
2642,RIVE
2643,RJA
2644,RJI
2645,RJN
2646,RKDA
2647,RKT
2648,RKTA
2649,RKTA.U
2650,RLGT
2651,RLGY
2652,RLJ
2653,RLX
2654,RMBI
2655,RMCF
2656,RMED
2657,RMGB
2658,RMGBU
2659,RMGC
2660,RMGCU
2661,RMM
2662,RMNI
2663,RMO
2664,RMRM
2665,RMT
2666,RMTI
2667,RNDB
2668,RNGR
2669,RNRG
2670,RNWK
2671,ROCC
2672,ROCR
2673,ROCRU
2674,ROIC
2675,RONI.U
2676,ROOT
2677,ROSS
2678,ROSS.U
2679,ROT
2680,RPAI
2681,RPHM
2682,RPT
2683,RQI
2684,RRC
2685,RRD
2686,RSF
2687,RSI
2688,RSLS
2689,RSSS
2690,RTLR
2691,RTP
2692,RTPY
2693,RTPYU
2694,RTPZ
2695,RVP
2696,RVPH
2697,RVSB
2698,RVT
2699,RWLK
2700,RWT
2701,RXD
2702,RXRAU
2703,RXT
2704,RYAM
2705,RYB
2706,RYI
2707,RYTM
2708,RZLT
2709,SA
2710,SABR
2711,SACH
2712,SAII
2713,SALM
2714,SAMG
2715,SAN
2716,SANA
2717,SAND
2718,SANW
2719,SB
2720,SBB
2721,SBBP
2722,SBEA
2723,SBEV
2724,SBFG
2725,SBG
2726,SBG.U
2727,SBI
2728,SBII
2729,SBLK
2730,SBM
2731,SBRA
2732,SBS
2733,SBSW
2734,SBT
2735,SCAQ
2736,SCC
2737,SCD
2738,SCKT
2739,SCLE
2740,SCLEU
2741,SCM
2742,SCO
2743,SCOA
2744,SCOAU
2745,SCOB
2746,SCOR
2747,SCPE
2748,SCPH
2749,SCPL
2750,SCPS
2751,SCR
2752,SCS
2753,SCVX
2754,SCVX.U
2755,SCX
2756,SCYX
2757,SD
2758,SDAC
2759,SDACU
2760,SDC
2761,SDCI
2762,SDEM
2763,SDH
2764,SDHY
2765,SDIV
2766,SDP
2767,SDPI
2768,SDS
2769,SEAC
2770,SEAH
2771,SEAH.U
2772,SECO
2773,SEED
2774,SEEL
2775,SEF
2776,SELB
2777,SELF
2778,SENS
2779,SESN
2780,SFE
2781,SFET
2782,SFL
2783,SFT
2784,SFTW
2785,SFUN
2786,SFY
2787,SFYX
2788,SGAM
2789,SGAMU
2790,SGBX
2791,SGLB
2792,SGMA
2793,SGMO
2794,SGOC
2795,SGOL
2796,SGRP
2797,SGTX
2798,SGU
2799,SH
2800,SHAC
2801,SHACU
2802,SHBI
2803,SHCR
2804,SHIP
2805,SHLX
2806,SHO
2807,SHQAU
2808,SHSP
2809,SIC
2810,SID
2811,SIEB
2812,SIEN
2813,SIF
2814,SIFY
2815,SIGA
2816,SIJ
2817,SILJ
2818,SILV
2819,SILX
2820,SINO
2821,SINT
2822,SIOX
2823,SIRI
2824,SITC
2825,SJ
2826,SJB
2827,SJT
2828,SKF
2829,SKIL
2830,SKIN
2831,SKLZ
2832,SKT
2833,SLAC
2834,SLAC.U
2835,SLAM
2836,SLAMU
2837,SLCA
2838,SLCR
2839,SLCRU
2840,SLCT
2841,SLDB
2842,SLGG
2843,SLGL
2844,SLHG
2845,SLM
2846,SLNG
2847,SLNO
2848,SLQT
2849,SLRC
2850,SLRX
2851,SLS
2852,SLVO
2853,SLVP
2854,SMB
2855,SMED
2856,SMFG
2857,SMHB
2858,SMHI
2859,SMIHU
2860,SMIT
2861,SMM
2862,SMMT
2863,SMN
2864,SMSI
2865,SMTS
2866,SMWB
2867,SNCR
2868,SND
2869,SNDL
2870,SNDX
2871,SNES
2872,SNFCA
2873,SNGX
2874,SNII
2875,SNII.U
2876,SNLN
2877,SNMP
2878,SNOA
2879,SNPR
2880,SNPR.U
2881,SNPX
2882,SNR
2883,SNRH
2884,SNSE
2885,SOAC
2886,SOAC.U
2887,SOFI
2888,SOGO
2889,SOHO
2890,SOHOB
2891,SOHON
2892,SOHOO
2893,SOHU
2894,SOI
2895,SOL
2896,SOLO
2897,SONM
2898,SONN
2899,SOS
2900,SOXS
2901,SPAQ
2902,SPAQ.U
2903,SPAX
2904,SPCB
2905,SPDN
2906,SPE
2907,SPFF
2908,SPFR
2909,SPFR.U
2910,SPGS
2911,SPGS.U
2912,SPH
2913,SPI
2914,SPKB
2915,SPKBU
2916,SPKE
2917,SPNE
2918,SPNT
2919,SPNV
2920,SPNV.U
2921,SPOK
2922,SPPI
2923,SPPP
2924,SPRB
2925,SPRO
2926,SPRQ
2927,SPRQ.U
2928,SPRT
2929,SPSK
2930,SPTK
2931,SPTKU
2932,SPTN
2933,SPWH
2934,SPXU
2935,SPXX
2936,SPXZ
2937,SQBG
2938,SQFT
2939,SQNS
2940,SQQQ
2941,SQZ
2942,SRAC
2943,SRACU
2944,SRAX
2945,SRET
2946,SREV
2947,SRG
2948,SRGA
2949,SRL
2950,SRNE
2951,SRNG
2952,SRNGU
2953,SRRA
2954,SRS
2955,SRSA
2956,SRT
2957,SRTS
2958,SRTY
2959,SSAA
2960,SSAAU
2961,SSBI
2962,SSKN
2963,SSL
2964,SSNT
2965,SSP
2966,SSRM
2967,SSSS
2968,SSY
2969,STAF
2970,STAR
2971,STCN
2972,STFC
2973,STG
2974,STIM
2975,STKL
2976,STKS
2977,STLA
2978,STNG
2979,STON
2980,STPC
2981,STPC.U
2982,STRE
2983,STRE.U
2984,STRM
2985,STRO
2986,STRR
2987,STRRP
2988,STSA
2989,STWO
2990,STXS
2991,SUBZ
2992,SUMR
2993,SUNS
2994,SUNW
2995,SUP
2996,SUPV
2997,SURF
2998,SUZ
2999,SV
3000,SVAC
3001,SVACU
3002,SVBI
3003,SVC
3004,SVFA
3005,SVFAU
3006,SVFB
3007,SVFC
3008,SVFD
3009,SVM
3010,SVOK
3011,SVOKU
3012,SVRA
3013,SVSVU
3014,SVT
3015,SVVC
3016,SWBK
3017,SWBK.U
3018,SWET
3019,SWETU
3020,SWI
3021,SWIR
3022,SWKH
3023,SWN
3024,SWZ
3025,SXC
3026,SXTC
3027,SY
3028,SYBX
3029,SYN
3030,SYNL
3031,SYPR
3032,SYRS
3033,SYTA
3034,SZK
3035,TAC
3036,TACA
3037,TACA.U
3038,TACO
3039,TACT
3040,TAIL
3041,TAIT
3042,TAK
3043,TAL
3044,TALK
3045,TALO
3046,TALS
3047,TANH
3048,TAOP
3049,TARA
3050,TAST
3051,TATT
3052,TBCP
3053,TBCPU
3054,TBF
3055,TBLA
3056,TBLT
3057,TBPH
3058,TBSA
3059,TBT
3060,TC
3061,TCAC
3062,TCACU
3063,TCDA
3064,TCON
3065,TCPC
3066,TCRR
3067,TCS
3068,TCVA
3069,TDAC
3070,TDW
3071,TEAF
3072,TECS
3073,TECTP
3074,TEDU
3075,TEF
3076,TEI
3077,TEKK
3078,TEKKU
3079,TELA
3080,TELL
3081,TEN
3082,TENX
3083,TEO
3084,TERN
3085,TESS
3086,TETC
3087,TEVA
3088,TFFP
3089,TFSL
3090,TG
3091,TGA
3092,TGB
3093,TGI
3094,TGLS
3095,TGNA
3096,TGP
3097,TGS
3098,TH
3099,THCA
3100,THCAU
3101,THCB
3102,THCBU
3103,THCPU
3104,THCX
3105,THM
3106,THMA
3107,THMAU
3108,THMO
3109,THR
3110,THTX
3111,THW
3112,TIG
3113,TIGR
3114,TIL
3115,TILE
3116,TIMB
3117,TINV
3118,TIOA
3119,TIPT
3120,TIRX
3121,TISI
3122,TK
3123,TKAT
3124,TKC
3125,TLC
3126,TLGA.U
3127,TLGT
3128,TLIS
3129,TLK
3130,TLMD
3131,TLRY
3132,TLSA
3133,TLYS
3134,TMAC
3135,TMBR
3136,TMDI
3137,TME
3138,TMKR
3139,TMKRU
3140,TMPM
3141,TMQ
3142,TMST
3143,TMTS
3144,TMTSU
3145,TNK
3146,TNP
3147,TNXP
3148,TOKE
3149,TOMZ
3150,TOPS
3151,TOUR
3152,TPC
3153,TPGY
3154,TPHS
3155,TPST
3156,TPVG
3157,TPZ
3158,TRC
3159,TRCA
3160,TREB
3161,TREC
3162,TRIB
3163,TRIL
3164,TRIN
3165,TRIT
3166,ASPS
3167,ASRV
3168,ASUR
3169,ASYS
3170,ATAI
3171,ATAQ.U
3172,BOXL
3173,BPY
3174,BPYU
3175,BQ
3176,BRBS
3177,BRCN
3178,BREZR
3179,BRG
3180,BRID
3181,TRKA
3182,TRMD
3183,TRMR
3184,TRMT
3185,TRONU
3186,TRQ
3187,TRT
3188,TRTX
3189,TRUE
3190,TRVG
3191,TRVI
3192,TRVN
3193,TRX
3194,TRYP
3195,TS
3196,TSC
3197,TSHA
3198,TSI
3199,TSIB
3200,TSIBU
3201,TSPQ
3202,TSPQ.U
3203,TSQ
3204,TSRI
3205,TTCF
3206,TTI
3207,TTM
3208,TTMI
3209,TTNP
3210,TTOO
3211,TTSH
3212,TUEM
3213,TUFN
3214,TUGC
3215,TUGCU
3216,TURN
3217,TUSK
3218,TUYA
3219,TV
3220,TVAC
3221,TVACU
3222,TVTX
3223,TWCT
3224,TWI
3225,TWIN
3226,TWIO
3227,TWLV
3228,TWLVU
3229,TWM
3230,TWND
3231,TWND.U
3232,TWNI
3233,TWNI.U
3234,TWNK
3235,TWNT
3236,TWNT.U
3237,TWO
3238,TWOA
3239,TXMD
3240,TYHT
3241,TYME
3242,TYO
3243,TZOO
3244,TZPS
3245,UA
3246,UAA
3247,UAE
3248,UAMY
3249,UAVS
3250,UBA
3251,UBCP
3252,UBFO
3253,UBP
3254,UBS
3255,UBX
3256,UCIB
3257,UCL
3258,UE
3259,UEC
3260,UEPS
3261,UFAB
3262,UG
3263,UGP
3264,UGRO
3265,UIHC
3266,UK
3267,ULBI
3268,ULCC
3269,ULE
3270,UMC
3271,UMPQ
3272,UNAM
3273,UNG
3274,UNIT
3275,UNL
3276,UONE
3277,UONEK
3278,UPC
3279,UPH
3280,URA
3281,URG
3282,URGN
3283,UROY
3284,USA
3285,USAC
3286,USAK
3287,USAP
3288,USAS
3289,USAU
3290,USDP
3291,USEG
3292,USIO
3293,USOI
3294,USWS
3295,USX
3296,UTI
3297,UTME
3298,UTSI
3299,UUU
3300,UUUU
3301,UVE
3302,UWMC
3303,UXIN
3304,VACC
3305,VACQ
3306,VACQU
3307,VAQC
3308,VBF
3309,VBIV
3310,VBLT
3311,VCAR
3312,VCF
3313,VCIF
3314,VCKA
3315,VCKAU
3316,VCLO
3317,VCNX
3318,VCV
3319,VCVC
3320,VCVCU
3321,VECT
3322,VEDL
3323,VEI
3324,VEL
3325,VELO
3326,VELOU
3327,VENA
3328,VENAR
3329,VEON
3330,VERA
3331,VERB
3332,VERI
3333,VERO
3334,VERU
3335,VERX
3336,VERY
3337,VET
3338,VEV
3339,VFF
3340,VFIN
3341,VFL
3342,VG
3343,VGI
3344,VGII
3345,VGII.U
3346,VGM
3347,VGR
3348,VGZ
3349,VHC
3350,VIAO
3351,VIAV
3352,VIEW
3353,VIH
3354,VII
3355,VIIAU
3356,VINC
3357,VINO
3358,VINP
3359,VIOT
3360,VIPS
3361,VIRC
3362,VIRI
3363,VIRX
3364,VISL
3365,VIST
3366,VITL
3367,VIV
3368,VIVE
3369,VJET
3370,VKI
3371,VKQ
3372,VKTX
3373,VLAT
3374,VLATU
3375,VLDR
3376,VLON
3377,VLT
3378,VLY
3379,VMAC
3380,VMAR
3381,VMD
3382,VMM
3383,VMO
3384,VNCE
3385,VNDA
3386,VNET
3387,VNM
3388,VNOM
3389,VNRX
3390,VNTR
3391,VOC
3392,VOD
3393,VOLT
3394,VOR
3395,VOSO
3396,VOSOU
3397,VOXX
3398,VPCBU
3399,VPCC
3400,VPCC.U
3401,VPN
3402,VPOP
3403,VPV
3404,VRA
3405,VRAR
3406,VRAY
3407,VRCA
3408,VRDN
3409,VRME
3410,VRNA
3411,VRPX
3412,VRRM
3413,VRS
3414,VS
3415,VST
3416,VSTA
3417,VSTM
3418,VTA
3419,VTAQ
3420,VTAQR
3421,VTAQU
3422,VTGN
3423,VTIQ
3424,VTIQU
3425,VTN
3426,VTNR
3427,VTRS
3428,VTRU
3429,VTSI
3430,VTVT
3431,VUZI
3432,VVNT
3433,VVOS
3434,VVPR
3435,VVR
3436,VWE
3437,VWTR
3438,VXRT
3439,VYGG
3440,VYGR
3441,VYNE
3442,VYNT
3443,WAFU
3444,WARR
3445,WARR.U
3446,WATT
3447,WAVE
3448,WBIT
3449,WBK
3450,WDH
3451,WDI
3452,WEA
3453,WEAT
3454,WEBS
3455,WEI
3456,WES
3457,WETF
3458,WFCF
3459,WFRD
3460,WGLD
3461,WHF
3462,WHG
3463,WHLM
3464,WHLR
3465,WHLRD
3466,WHLRP
3467,WIA
3468,WIMI
3469,WINT
3470,WISA
3471,WISH
3472,WIT
3473,WIW
3474,WKEY
3475,WKHS
3476,WLMS
3477,WMC
3478,WMPN
3479,WNC
3480,WNEB
3481,WNW
3482,WORX
3483,WOW
3484,WPCA
3485,WPCA.U
3486,WPCB
3487,WPCB.U
3488,WPG
3489,WPRT
3490,WRAP
3491,WRN
3492,WSBF
3493,WSR
3494,WTER
3495,WTI
3496,WTRH
3497,WTT
3498,WTTR
3499,WVE
3500,WVVI
3501,WVVIP
3502,WWR
3503,WYY
3504,XAIR
3505,XBIO
3506,XBIT
3507,XCUR
3508,XELA
3509,XELB
3510,XENE
3511,XENT
3512,XERS
3513,XFLT
3514,XFOR
3515,XGN
3516,XHR
3517,XIN
3518,XL
3519,XNET
3520,XONE
3521,XPER
3522,XPL
3523,XPOA
3524,XPOA.U
3525,XSPA
3526,XTLB
3527,XTNT
3528,XVOL
3529,XXII
3530,XYF
3531,YAC
3532,YAC.U
3533,YALA
3534,YANG
3535,YCBD
3536,YELL
3537,YEXT
3538,YGMZ
3539,YI
3540,YINN
3541,YJ
3542,YJUN
3543,YMAR
3544,YMM
3545,YMTX
3546,YOLO
3547,YPF
3548,YQ
3549,YRD
3550,YSAC
3551,YSACU
3552,YSG
3553,YTEN
3554,YTPG
3555,YTRA
3556,BROG
3557,BRY
3558,BSAC
3559,BSCU
3560,BSGAU
3561,CAHCU
3562,CALA
3563,CALB
3564,CAMP
3565,CANF
3566,CAP
3567,CARA
3568,CARE
3569,CARS
3570,CARV
3571,CAS
3572,CASA
3573,CASI
3574,CBAH
3575,CBAT
3576,CBB
3577,CBD
3578,CBLI
3579,CBMB
3580,CBNK
3581,CCAC
3582,CCM
3583,CCV.U
3584,CD
3585,CDE
3586,CEA
3587,CEI
3588,CEMI
3589,CEN
3590,CENH
3591,CENX
3592,CEPU
3593,CERS
3594,CETXP
3595,CEV
3596,CFAC
3597,CFB
3598,CFBK
3599,CFFE
3600,CFFEU
3601,CFFVU
3602,CFIV
3603,CFIVU
3604,CFMS
3605,CGAU
3606,CGBD
3607,CGEN
3608,CGO
3609,CGRN
3610,CHAA
3611,CHAD
3612,CHAQ
3613,CHB
3614,CHEK
3615,CHFW
3616,YVR
3617,YXI
3618,YYY
3619,ZCMD
3620,ZDGE
3621,ZEPP
3622,ZETA
3623,ZEV
3624,ZGNX
3625,ZGYH
3626,ZGYHR
3627,ZGYHU
3628,ZH
3629,ZIOP
3630,ZIVO
3631,ZIXI
3632,ZKIN
3633,ZME
3634,ZNGA
3635,ZNTE
3636,ZNTEU
3637,ZOM
3638,ZSAN
3639,ZTAQU
3640,ZTR
3641,ZUO
3642,ZVO
3643,ZWRK
3644,ZWRKU
3645,ZYNE
3646,ZYXI
3647,CHI
3648,CHIE
3649,CHIR
3650,CHIU
3651,CHIX
3652,CHMA
3653,CHNR
3654,CHPM
3655,CHPMU
3656,CHRA
3657,CHRS
3658,CHS
3659,CINR
3660,CIO
3661,CIXX
3662,CJJD
3663,CLAA.U
3664,CLAS
3665,CLBK
3666,CLBS
3667,CLDS
3668,CLEU
3669,CLGN
3670,CLI
3671,CLIM
3672,CLIR
3673,CLM
3674,CLMT
3675,CLNE
3676,CLNN
3677,CLPR
3678,CLPS
3679,CLPT
3680,CLRB
3681,CMAX
3682,CMCL
3683,CMCM
3684,CMCT
3685,CMIIU
3686,CMLF
3687,CMLS
3688,CMLT
3689,CMLTU
3690,CMMB
3691,CMO
3692,CMRX
3693,CMT
3694,CND
3695,CNET
3696,CNEY
3697,CNF
3698,CNFR
3699,CNNB
3700,COMS
3701,CONX
3702,CONXU
3703,COOLU
3704,CORN
3705,CORR
3706,CPIX
3707,CPLG
3708,CPLP
3709,CRNT
3710,CRON
3711,CRT
3712,CRTD
3713,CRU
3714,CRU.U
3715,CRVS
3716,CRWS
3717,CRZNU
3718,CS
3719,CSAN
3720,CSBR
3721,CSLT
3722,CSPI
3723,CSPR
3724,CSQ
3725,CSTA
3726,CSTA.U
3727,CTAC
3728,CTAQU
3729,CTEC
3730,CTEK
3731,CTG
3732,CTHR
3733,CTIB
3734,CTIC
3735,CTK
3736,CTOS
3737,CTRM
3738,CTSO
3739,CUBA
3740,CURI
3741,CURO
3742,CVBF
3743,CVE
3744,CVEO
3745,CVGI
3746,CVI
3747,CVII
3748,CVII.U
3749,CVLG
3750,CVLY
3751,CVU
3752,CWBC
3753,CWCO
3754,CWK
3755,CX
3756,CXDC
3757,CXE
3758,CXH
3759,CXM
3760,CXP
3761,CXW
3762,CYAD
3763,CYAN
3764,CYCC
3765,CYD
3766,CYH
3767,CYRN
3768,CYT
3769,CYTH
3770,CYTK
3771,CZWI
3772,DAIO
3773,DAKT
3774,DAO
3775,DB
3776,DBA
3777,DBB
3778,DBC
3779,DBD
3780,DBDR
3781,DBDRU
3782,DBE
3783,DBI
3784,DBL
3785,DBRG
3786,DBVT
3787,DCF
3788,DCRB
3789,DCRBU
3790,DCRC
3791,DCRN
3792,DCRNU
3793,DCTH
3794,DDG
3795,DEH
3796,DENN
3797,DFNS
3798,DFNS.U
3799,DFPH
3800,DFVS
3801,DGICA
3802,DGII
3803,DGLY
3804,DGNR
3805,DGNS
3806,DGNU
3807,DHC
3808,DHF
3809,DHHC
3810,DHHCU
3811,DHY
3812,DIAX
3813,DISA
3814,DKDCA
3815,DLCAU
3816,DMO
3817,DMYQ
3818,DNP
3819,LYRA
3820,DOYU
3821,DPW
3822,DRIO
3823,DSM
3824,DSU
3825,DTF
3826,DTSS
3827,DTST
3828,DUNE
3829,DUO
3830,DUOT
3831,DVAX
3832,DWIN
3833,DWSH
3834,DX
3835,EAD
3836,EARN
3837,EARS
3838,EBAC
3839,EDD
3840,EDI
3841,EDN
3842,EDOC
3843,EEA
3844,EEX
3845,EFL
3846,EFU
3847,EFZ
3848,EGAN
3849,EGGF.U
3850,EGLX
3851,EGY
3852,EHI
3853,EIGR
3854,EIM
3855,ELEV
3856,ELMD
3857,ELMS
3858,ELP
3859,ELSE
3860,ELTK
3861,EM
3862,EMAG
3863,EMD
3864,EMF
3865,ENLV
3866,ENNVU
3867,ENOB
3868,ENSC
3869,ENVB
3870,ENZ
3871,EOCW.U
3872,EOSE
3873,EPHY
3874,ERII
3875,ETAC
3876,ETJ
3877,ETNB
3878,ETWO
3879,ETY
3880,EVGO
3881,EVM
3882,EVY
3883,EWEB
3884,EXD
3885,EXEL
3886,FAT
3887,FCAX.U
3888,LYTS
3889,FCEL
3890,FCG
3891,FCO
3892,FCRD
3893,FDEU
3894,FDUS
3895,FEIM
3896,FEO
3897,FF
3898,FICVU
3899,FIXX
3900,FLDM
3901,FLMN
3902,FLXN
3903,FMBI
3904,GAIN
3905,GAME
3906,GAPA
3907,GAZ
3908,GBNH
3909,GBOX
3910,GBRGR
3911,GCI
3912,GGB
3913,GGGVU
3914,GGMCU
3915,GGPI
3916,GHAC
3917,GHG
3918,GHRS
3919,GHSI
3920,GHVI
3921,GNE
3922,GNL
3923,GNPX
3924,GNT
3925,GOAC
3926,GOEV
3927,GOTU
3928,GPCOU
3929,GPMT
3930,GRN
3931,GRNVR
3932,GROW
3933,GRU
3934,GSAH.U
3935,GSMG
3936,GSQD.U
3937,GTEC
3938,HAAC
3939,HBIO
3940,HEXO
3941,HGEN
3942,HIIIU
3943,HIMS
3944,HL
3945,HNP
3946,HNRG
3947,HOWL
3948,HPX
3949,HPX.U
3950,HROW
3951,HRTG
3952,HTGC
3953,HTLD
3954,HTOO
3955,HTPA
3956,HTY
3957,HUGE
3958,HUGS.U
3959,HUIZ
3960,HUSA
3961,HUSN
3962,HUT
3963,HUYA
3964,HVBT
3965,HX
3966,HYAC
3967,HYACU
3968,IBEX
3969,INTZ
3970,INUV
3971,INVO
3972,INVZ
3973,IPDN
3974,IPOD
3975,IPOD.U
3976,IPOF
3977,IPVA
3978,IPVF
3979,IPVI
3980,IPW
3981,IQ
3982,IQI
3983,IRIX
3984,IRL
3985,IRS
3986,IRWD
3987,IS
3988,ISAA
3989,ISIG
3990,ISOS.U
3991,ISPC
3992,ITAC
3993,ITACU
3994,ITCB
3995,ITI
3996,JCIC
3997,JCS
3998,JMM
3999,JNCE
4000,JOAN
4001,JOF
4002,JOFF
4003,JP
4004,JPC
4005,JQC
4006,JRJC
4007,JRO
4008,JRSH
4009,JSD
4010,JSTC
4011,JT
4012,JTA
4013,JTD
4014,JUGGU
4015,JUPW
4016,JVA
4017,JWEL
4018,JWSM.U
4019,JYAC
4020,JZXN
4021,KAHC
4022,KAIIU
4023,KBAL
4024,KLR
4025,KOPN
4026,KOR
4027,KOS
4028,KPTI
4029,KRKR
4030,KRMD
4031,KRNLU
4032,KRO
4033,KRP
4034,KSI
4035,KSM
4036,KTCC
4037,KTF
4038,KTRA
4039,KULR
4040,KVHI
4041,KVSA
4042,KVSC
4043,KWAC
4044,KXIN
4045,KZIA
4046,LAZR
4047,LBC
4048,LBRT
4049,LCA
4050,LCAAU
4051,LCAP
4052,LCAPU
4053,LCI
4054,LCY
4055,LCYAU
4056,LDHAU
4057,LEAP
4058,LEAP.U
4059,LEGAU
4060,LEGOU
4061,LEO
4062,AEHR
4063,AINC
4064,CLBR
4065,ENFAU
4066,FRXB
4067,LFC
4068,LFTR
4069,LGF.A
4070,LGF.B
4071,LIVX
4072,LIZI
4073,LJAQ
4074,LJAQU
4075,LJPC
4076,LL
4077,LLNW
4078,LMACA
4079,LMACU
4080,LMAO
4081,LMAOU
4082,LMB
4083,LMFA
4084,LMNR
4085,LMPX
4086,LMRK
4087,LMST
4088,LND
4089,LNDC
4090,LNFA
4091,LNSR
4092,LOAN
4093,LOCO
4094,LOGC
4095,LOKB
4096,LOKM
4097,LOMA
4098,LOOP
4099,MJXL
4100,ZHDG
